Molecule,SMILES,pEC50
15,O=C(Nc1nc(-c2ccc(C(F)(F)F)cc2)cs1)c1ccc(Nc2ccncn2)cc1,6.31
76,O=C(Nc1nc(-c2cccc(OC(F)(F)F)c2F)cs1)c1ccc(Nc2cc(N3CC(O)C3)ncn2)cc1,8.15
88,O=C(Nc1nc(-c2ccc(Cl)c(Cl)c2)ns1)c1ccc(Nc2ccncn2)cc1,5.36
58,O=C(Nc1nc(-c2ccc(F)c(C(F)(F)F)c2)cs1)c1ccc(Nc2ccnnc2)cc1,6.4
109,O=C(Nc1nc(-c2ccc(F)c(C(F)(F)F)c2)ns1)c1ccc(Nc2cc(N3CCC3)ncn2)cc1,7.09
28,O=C(Nc1nc(-c2cccc(Cl)c2Cl)cs1)c1ccc(Nc2ccncn2)cc1,5.87
25,CC(C)Cc1cccc(-c2csc(NC(=O)c3ccc(Nc4ccncn4)cc3)n2)c1F,7.46
20,O=C(Nc1nc(-c2cccc(Cl)c2F)cs1)c1ccc(Nc2ccncn2)cc1,6.21
68,COc1cc(Nc2ccc(C(=O)Nc3nc(-c4cccc(C(F)(F)F)c4F)cs3)cc2)ncn1,7.42
53,O=C(Nc1nc(-c2cccc(C(F)(F)F)c2F)cs1)c1ccc(Nc2cncnc2)cc1,6.5
52,O=C(Nc1nc(-c2cccc(C(F)(F)F)c2F)cs1)c1ccc(Nc2ncccn2)cc1,5.11
98,O=C(Nc1ccn(-c2ccc(F)c(C(F)(F)F)c2)n1)c1ccc(Nc2ccncn2)cc1,5.7
43,O=C(Nc1nc(-c2ccc(F)c(F)c2F)cs1)c1ccc(Nc2ccncn2)cc1,7.08
51,O=C(Nc1nc(-c2cccc(C(F)(F)F)c2F)cs1)c1ccc(Nc2cnccn2)cc1,5.1
1,O=C1NC(=O)/C(=C/c2ccc(C(=O)Nc3nc(-c4ccc(F)c(F)c4)cs3)cc2)S1,7.55
80,CN(C)c1cc(Nc2ccc(C(=O)Nc3nc(-c4ccc(F)c(C(F)(F)F)c4)c(Cl)s3)cc2)ncn1,7.96
78,Cc1sc(NC(=O)c2ccc(Nc3ccncn3)cc2)nc1-c1ccc(F)c(C(F)(F)F)c1,6.75
93,O=C(Nc1nc(-c2cccc(OC(F)(F)F)c2F)ns1)c1ccc(Nc2ccncn2)cc1,6.01
72,CN(CCO)c1cc(Nc2ccc(C(=O)Nc3nc(-c4cccc(C(F)(F)F)c4F)cs3)cc2)ncn1,7.66
49,O=C(Nc1nc(-c2cccc(C(F)(F)F)c2F)cs1)c1ccc(Nc2cccnc2)cc1,5.07
111,O=C(Nc1nc(-c2ccc(F)c(C(F)(F)F)c2)ns1)c1ccc(Nc2cc(N(CCCO)CCCO)ncn2)cc1,7.15
21,O=C(Nc1nc(-c2cccc(Br)c2F)cs1)c1ccc(Nc2ccncn2)cc1,7
17,O=C(Nc1nc(-c2ccc(OC(F)(F)F)cc2)cs1)c1ccc(Nc2ccncn2)cc1,5
11,O=C(Nc1nc(-c2cccc(OC(F)(F)F)c2)cs1)c1ccc(Nc2ccncn2)cc1,6.55
9,O=C(Nc1nc(-c2cccc(Br)c2)cs1)c1ccc(Nc2ccncn2)cc1,6.19
77,Cc1sc(NC(=O)c2ccc(Nc3ccncn3)cc2)nc1-c1cccc(C(F)(F)F)c1F,6.27
70,CCNc1cc(Nc2ccc(C(=O)Nc3nc(-c4cccc(C(F)(F)F)c4F)cs3)cc2)ncn1,6.89
110,O=C(Nc1nc(-c2ccc(F)c(C(F)(F)F)c2)ns1)c1ccc(Nc2cc(N3CC(O)C3)ncn2)cc1,7.89
106,O=C(Nc1nc(-c2ccc(F)c(C(F)(F)F)c2)ns1)c1ccc(Nc2cc(NCCO)ncn2)cc1,7.52
97,O=C(Nc1ccn(-c2cccc(C(F)(F)F)c2F)n1)c1ccc(Nc2ccncn2)cc1,5.85
90,O=C(Nc1nc(-c2ccc(F)c(C(F)(F)F)c2)ns1)c1ccc(Nc2ccncn2)cc1,6.39
45,O=C(Nc1nc(-c2ccc(F)c(C(F)(F)F)c2F)cs1)c1ccc(Nc2ccncn2)cc1,7.48
79,Cc1sc(NC(=O)c2ccc(Nc3cc(N(C)C)ncn3)cc2)nc1-c1ccc(F)c(C(F)(F)F)c1,7.35
105,O=C(Nc1coc(-c2ccc(F)c(C(F)(F)F)c2)n1)c1ccc(Nc2ccncn2)cc1,5.64
40,Cc1ccc(-c2csc(NC(=O)c3ccc(Nc4ccncn4)cc3)n2)cc1C,6.11
82,O=C(Nc1nc2c(s1)CCOc1c-2cccc1C(F)(F)F)c1ccc(Nc2ccncn2)cc1,7.57
69,CN(C)c1cc(Nc2ccc(C(=O)Nc3nc(-c4cccc(C(F)(F)F)c4F)cs3)cc2)ncn1,7.27
33,Cc1ccc(-c2csc(NC(=O)c3ccc(Nc4ccncn4)cc3)n2)c(C)c1,5.65
14,Cc1ccc(-c2csc(NC(=O)c3ccc(Nc4ccncn4)cc3)n2)cc1,5.92
5,O=C(Nc1nc(-c2ccccc2Cl)cs1)c1ccc(Nc2ccncn2)cc1,5.05
81,O=C(Nc1nc2c(s1)COc1c-2cccc1C(F)(F)F)c1ccc(Nc2ccncn2)cc1,6.85
59,O=C(Nc1nc(-c2cccc(C(F)(F)F)c2F)cs1)c1ccc(Nc2ncncn2)cc1,6.27
48,O=C(Nc1nc(-c2cccc(C(F)(F)F)c2F)cs1)c1ccc(Nc2ccccn2)cc1,5.66
66,Cc1cc(Nc2ccc(C(=O)Nc3nc(-c4cccc(C(F)(F)F)c4F)cs3)cc2)ncn1,7.37
107,CN(CCO)c1cc(Nc2ccc(C(=O)Nc3nc(-c4ccc(F)c(C(F)(F)F)c4)ns3)cc2)ncn1,6.66
85,O=C(Nc1nc(-c2ccccc2)ns1)c1ccc(Nc2ccncn2)cc1,5.8
3,O=C(Nc1nc(-c2ccccc2)cs1)c1ccc(Nc2ccncn2)cc1,5.46
31,O=C(Nc1nc(-c2ccc(C(F)(F)F)cc2F)cs1)c1ccc(Nc2ccncn2)cc1,6.59
23,CCc1cccc(-c2csc(NC(=O)c3ccc(Nc4ccncn4)cc3)n2)c1F,6.84
50,O=C(Nc1nc(-c2cccc(C(F)(F)F)c2F)cs1)c1ccc(Nc2ccncc2)cc1,6.4
87,O=C(Nc1nc(-c2ccc(F)c(F)c2)ns1)c1ccc(Nc2ccncn2)cc1,6.14
86,O=C(Nc1nc(-c2ccc(F)cc2F)ns1)c1ccc(Nc2ccncn2)cc1,5.89
19,O=C(Nc1nc(-c2cccc(F)c2F)cs1)c1ccc(Nc2ccncn2)cc1,6.38
12,O=C(Nc1nc(-c2ccc(F)cc2)cs1)c1ccc(Nc2ccncn2)cc1,5.59
4,O=C(Nc1nc(-c2ccccc2F)cs1)c1ccc(Nc2ccncn2)cc1,5.16
42,O=C(Nc1nc(-c2cccc(C(F)(F)F)n2)cs1)c1ccc(Nc2ccncn2)cc1,6.61
39,O=C(Nc1nc(-c2ccc(Cl)c(Cl)c2)cs1)c1ccc(Nc2ccncn2)cc1,6.46
29,O=C(Nc1nc(-c2ccc(F)cc2F)cs1)c1ccc(Nc2ccncn2)cc1,6.76
26,COc1cccc(-c2csc(NC(=O)c3ccc(Nc4ccncn4)cc3)n2)c1F,5.5
24,CCCCc1cccc(-c2csc(NC(=O)c3ccc(Nc4ccncn4)cc3)n2)c1F,7.28
8,O=C(Nc1nc(-c2cccc(Cl)c2)cs1)c1ccc(Nc2ccncn2)cc1,5.52
55,O=C(Nc1nc(-c2ccc(Cl)cc2)cs1)c1ccc(Nc2ccnnc2)cc1,5.8
112,CN(c1cc(Nc2ccc(C(=O)Nc3nc(-c4ccc(F)c(C(F)(F)F)c4)ns3)cc2)ncn1)C(CO)NO,7.54
89,O=C(Nc1nc(-c2cccc(C(F)(F)F)c2F)ns1)c1ccc(Nc2ccncn2)cc1,5.82
84,O=C(Nc1ncc(-c2ccc(F)c(C(F)(F)F)c2)s1)c1ccc(Nc2ccncn2)cc1,5.17
34,O=C(Nc1nc(-c2cc(C(F)(F)F)ccc2F)cs1)c1ccc(Nc2ccncn2)cc1,5.29
27,O=C(Nc1nc(-c2cccc(OC(F)(F)F)c2F)cs1)c1ccc(Nc2ccncn2)cc1,7.5
22,O=C(Nc1nc(-c2cccc(C(F)(F)F)c2F)cs1)c1ccc(Nc2ccncn2)cc1,7.22
57,O=C(Nc1nc(-c2cccc(C(F)(F)F)c2F)cs1)c1ccc(Nc2ccnnc2)cc1,6.92
38,O=C(Nc1nc(-c2ccc(F)c(C(F)(F)F)c2)cs1)c1ccc(Nc2ccncn2)cc1,6.98
108,COCCN(C)c1cc(Nc2ccc(C(=O)Nc3nc(-c4ccc(F)c(C(F)(F)F)c4)ns3)cc2)ncn1,6.89
10,O=C(Nc1nc(-c2cccc(C(F)(F)F)c2)cs1)c1ccc(Nc2ccncn2)cc1,6.38
74,O=C(Nc1nc(-c2cccc(C(F)(F)F)c2F)cs1)c1ccc(Nc2cc(N3CCC3)ncn2)cc1,7.64
73,COCCN(C)c1cc(Nc2ccc(C(=O)Nc3nc(-c4cccc(C(F)(F)F)c4F)cs3)cc2)ncn1,7.08
71,O=C(Nc1nc(-c2cccc(C(F)(F)F)c2F)cs1)c1ccc(Nc2cc(NCCO)ncn2)cc1,7.19
44,O=C(Nc1nc(-c2ccc(C(F)(F)F)c(F)c2F)cs1)c1ccc(Nc2ccncn2)cc1,7.06
37,O=C(Nc1nc(-c2ccc(C(F)(F)F)c(F)c2)cs1)c1ccc(Nc2ccncn2)cc1,6.54
32,O=C(Nc1nc(-c2ccc(Cl)cc2Cl)cs1)c1ccc(Nc2ccncn2)cc1,6.29
75,O=C(Nc1nc(-c2cccc(C(F)(F)F)c2F)cs1)c1ccc(Nc2cc(N3CC(O)C3)ncn2)cc1,8.05
56,O=C(Nc1nc(-c2ccc(F)cc2F)cs1)c1ccc(Nc2ccnnc2)cc1,6.26
104,O=C(Nc1coc(-c2cccc(C(F)(F)F)c2F)n1)c1ccc(Nc2ccncn2)cc1,5.1
30,O=C(Nc1nc(-c2ccc(Cl)cc2F)cs1)c1ccc(Nc2ccncn2)cc1,6.63
13,O=C(Nc1nc(-c2ccc(Cl)cc2)cs1)c1ccc(Nc2ccncn2)cc1,6.25
